index,id,predicted_target
0,PA6001,low_risk
1,PA6002,low_risk
2,PA6003,low_risk
3,PA6004,low_risk
4,PA6005,low_risk
5,PA6006,low_risk
6,PA6007,low_risk
7,PA6008,low_risk
8,PA6009,moderate_risk
9,PA6010,low_risk
10,PA6011,low_risk
11,PA6012,low_risk
12,PA6013,low_risk
13,PA6014,low_risk
14,PA6015,moderate_risk
15,PA6016,moderate_risk
16,PA6017,low_risk
17,PA6018,low_risk
18,PA6019,low_risk
19,PA6020,low_risk
20,PA6021,low_risk
21,PA6022,low_risk
22,PA6023,moderate_risk
23,PA6024,low_risk
24,PA6025,low_risk
25,PA6026,moderate_risk
26,PA6027,moderate_risk
27,PA6028,low_risk
28,PA6029,low_risk
29,PA6030,low_risk
30,PA6031,low_risk
31,PA6032,high_risk
32,PA6033,low_risk
33,PA6034,low_risk
34,PA6035,low_risk
35,PA6036,low_risk
36,PA6037,low_risk
37,PA6038,low_risk
38,PA6039,low_risk
39,PA6040,low_risk
40,PA6041,low_risk
41,PA6042,low_risk
42,PA6043,low_risk
43,PA6044,low_risk
44,PA6045,low_risk
45,PA6046,low_risk
46,PA6047,low_risk
47,PA6048,low_risk
48,PA6049,low_risk
49,PA6050,low_risk
50,PA6051,low_risk
51,PA6052,low_risk
52,PA6053,low_risk
53,PA6054,low_risk
54,PA6055,low_risk
55,PA6056,low_risk
56,PA6057,low_risk
57,PA6058,low_risk
58,PA6059,low_risk
59,PA6060,low_risk
60,PA6061,low_risk
61,PA6062,low_risk
62,PA6063,low_risk
63,PA6064,low_risk
64,PA6065,low_risk
65,PA6066,low_risk
66,PA6067,low_risk
67,PA6068,moderate_risk
68,PA6069,low_risk
69,PA6070,low_risk
70,PA6071,low_risk
71,PA6072,low_risk
72,PA6073,high_risk
73,PA6074,low_risk
74,PA6075,low_risk
75,PA6076,low_risk
76,PA6077,low_risk
77,PA6078,low_risk
78,PA6079,low_risk
79,PA6080,low_risk
80,PA6081,low_risk
81,PA6082,low_risk
82,PA6083,low_risk
83,PA6084,low_risk
84,PA6085,high_risk
85,PA6086,low_risk
86,PA6087,low_risk
87,PA6088,low_risk
88,PA6089,low_risk
89,PA6090,low_risk
90,PA6091,low_risk
91,PA6092,low_risk
92,PA6093,low_risk
93,PA6094,moderate_risk
94,PA6095,low_risk
95,PA6096,low_risk
96,PA6097,moderate_risk
97,PA6098,moderate_risk
98,PA6099,low_risk
99,PA6100,low_risk
100,PA6101,low_risk
101,PA6102,low_risk
102,PA6103,low_risk
103,PA6104,low_risk
104,PA6105,low_risk
105,PA6106,low_risk
106,PA6107,low_risk
107,PA6108,low_risk
108,PA6109,low_risk
109,PA6110,moderate_risk
110,PA6111,low_risk
111,PA6112,low_risk
112,PA6113,low_risk
113,PA6114,low_risk
114,PA6115,low_risk
115,PA6116,low_risk
116,PA6117,low_risk
117,PA6118,low_risk
118,PA6119,low_risk
119,PA6120,low_risk
120,PA6121,low_risk
121,PA6122,low_risk
122,PA6123,low_risk
123,PA6124,moderate_risk
124,PA6125,low_risk
125,PA6126,low_risk
126,PA6127,low_risk
127,PA6128,low_risk
128,PA6129,low_risk
129,PA6130,low_risk
130,PA6131,low_risk
131,PA6132,moderate_risk
132,PA6133,low_risk
133,PA6134,low_risk
134,PA6135,moderate_risk
135,PA6136,low_risk
136,PA6137,low_risk
137,PA6138,low_risk
138,PA6139,low_risk
139,PA6140,low_risk
140,PA6141,low_risk
141,PA6142,low_risk
142,PA6143,low_risk
143,PA6144,low_risk
144,PA6145,low_risk
145,PA6146,moderate_risk
146,PA6147,low_risk
147,PA6148,low_risk
148,PA6149,low_risk
149,PA6150,low_risk
150,PA6151,low_risk
151,PA6152,low_risk
152,PA6153,low_risk
153,PA6154,low_risk
154,PA6155,low_risk
155,PA6156,low_risk
156,PA6157,low_risk
157,PA6158,low_risk
158,PA6159,low_risk
159,PA6160,high_risk
160,PA6161,low_risk
161,PA6162,low_risk
162,PA6163,low_risk
163,PA6164,low_risk
164,PA6165,low_risk
165,PA6166,low_risk
166,PA6167,low_risk
167,PA6168,low_risk
168,PA6169,low_risk
169,PA6170,low_risk
170,PA6171,low_risk
171,PA6172,low_risk
172,PA6173,high_risk
173,PA6174,low_risk
174,PA6175,low_risk
175,PA6176,low_risk
176,PA6177,low_risk
177,PA6178,moderate_risk
178,PA6179,low_risk
179,PA6180,moderate_risk
180,PA6181,low_risk
181,PA6182,low_risk
182,PA6183,low_risk
183,PA6184,moderate_risk
184,PA6185,low_risk
185,PA6186,low_risk
186,PA6187,low_risk
187,PA6188,low_risk
188,PA6189,low_risk
189,PA6190,low_risk
190,PA6191,low_risk
191,PA6192,low_risk
192,PA6193,low_risk
193,PA6194,moderate_risk
194,PA6195,high_risk
195,PA6196,low_risk
196,PA6197,low_risk
197,PA6198,low_risk
198,PA6199,low_risk
199,PA6200,low_risk
200,PA6201,moderate_risk
201,PA6202,low_risk
202,PA6203,low_risk
203,PA6204,low_risk
204,PA6205,low_risk
205,PA6206,low_risk
206,PA6207,low_risk
207,PA6208,low_risk
208,PA6209,low_risk
209,PA6210,low_risk
210,PA6211,high_risk
211,PA6212,low_risk
212,PA6213,low_risk
213,PA6214,low_risk
214,PA6215,moderate_risk
215,PA6216,low_risk
216,PA6217,low_risk
217,PA6218,low_risk
218,PA6219,moderate_risk
219,PA6220,low_risk
220,PA6221,low_risk
221,PA6222,low_risk
222,PA6223,low_risk
223,PA6224,low_risk
224,PA6225,moderate_risk
225,PA6226,moderate_risk
226,PA6227,low_risk
227,PA6228,low_risk
228,PA6229,low_risk
229,PA6230,moderate_risk
230,PA6231,low_risk
231,PA6232,moderate_risk
232,PA6233,low_risk
233,PA6234,low_risk
234,PA6235,low_risk
235,PA6236,low_risk
236,PA6237,low_risk
237,PA6238,moderate_risk
238,PA6239,low_risk
239,PA6240,low_risk
240,PA6241,low_risk
241,PA6242,moderate_risk
242,PA6243,low_risk
243,PA6244,low_risk
244,PA6245,low_risk
245,PA6246,low_risk
246,PA6247,low_risk
247,PA6248,low_risk
248,PA6249,low_risk
249,PA6250,low_risk
250,PA6251,low_risk
251,PA6252,low_risk
252,PA6253,moderate_risk
253,PA6254,low_risk
254,PA6255,low_risk
255,PA6256,low_risk
256,PA6257,moderate_risk
257,PA6258,low_risk
258,PA6259,low_risk
259,PA6260,low_risk
260,PA6261,high_risk
261,PA6262,low_risk
262,PA6263,low_risk
263,PA6264,low_risk
264,PA6265,moderate_risk
265,PA6266,low_risk
266,PA6267,low_risk
267,PA6268,low_risk
268,PA6269,low_risk
269,PA6270,low_risk
270,PA6271,low_risk
271,PA6272,low_risk
272,PA6273,low_risk
273,PA6274,low_risk
274,PA6275,high_risk
275,PA6276,low_risk
276,PA6277,moderate_risk
277,PA6278,low_risk
278,PA6279,low_risk
279,PA6280,low_risk
280,PA6281,moderate_risk
281,PA6282,low_risk
282,PA6283,low_risk
283,PA6284,low_risk
284,PA6285,low_risk
285,PA6286,low_risk
286,PA6287,moderate_risk
287,PA6288,low_risk
288,PA6289,low_risk
289,PA6290,low_risk
290,PA6291,low_risk
291,PA6292,low_risk
292,PA6293,moderate_risk
293,PA6294,low_risk
294,PA6295,low_risk
295,PA6296,low_risk
296,PA6297,low_risk
297,PA6298,low_risk
298,PA6299,low_risk
299,PA6300,low_risk
300,PA6301,low_risk
301,PA6302,low_risk
302,PA6303,low_risk
303,PA6304,low_risk
304,PA6305,low_risk
305,PA6306,low_risk
306,PA6307,low_risk
307,PA6308,low_risk
308,PA6309,low_risk
309,PA6310,low_risk
310,PA6311,moderate_risk
311,PA6312,low_risk
312,PA6313,low_risk
313,PA6314,low_risk
314,PA6315,moderate_risk
315,PA6316,low_risk
316,PA6317,low_risk
317,PA6318,low_risk
318,PA6319,high_risk
319,PA6320,low_risk
320,PA6321,low_risk
321,PA6322,moderate_risk
322,PA6323,high_risk
323,PA6324,moderate_risk
324,PA6325,low_risk
325,PA6326,low_risk
326,PA6327,low_risk
327,PA6328,moderate_risk
328,PA6329,moderate_risk
329,PA6330,low_risk
330,PA6331,low_risk
331,PA6332,low_risk
332,PA6333,low_risk
333,PA6334,low_risk
334,PA6335,low_risk
335,PA6336,low_risk
336,PA6337,low_risk
337,PA6338,high_risk
338,PA6339,low_risk
339,PA6340,low_risk
340,PA6341,low_risk
341,PA6342,low_risk
342,PA6343,low_risk
343,PA6344,low_risk
344,PA6345,low_risk
345,PA6346,low_risk
346,PA6347,low_risk
347,PA6348,high_risk
348,PA6349,low_risk
349,PA6350,low_risk
350,PA6351,moderate_risk
351,PA6352,low_risk
352,PA6353,low_risk
353,PA6354,low_risk
354,PA6355,low_risk
355,PA6356,low_risk
356,PA6357,low_risk
357,PA6358,low_risk
358,PA6359,low_risk
359,PA6360,low_risk
360,PA6361,low_risk
361,PA6362,low_risk
362,PA6363,low_risk
363,PA6364,low_risk
364,PA6365,low_risk
365,PA6366,low_risk
366,PA6367,low_risk
367,PA6368,low_risk
368,PA6369,low_risk
369,PA6370,low_risk
370,PA6371,low_risk
371,PA6372,low_risk
372,PA6373,low_risk
373,PA6374,low_risk
374,PA6375,low_risk
375,PA6376,low_risk
376,PA6377,moderate_risk
377,PA6378,low_risk
378,PA6379,low_risk
379,PA6380,low_risk
380,PA6381,low_risk
381,PA6382,moderate_risk
382,PA6383,low_risk
383,PA6384,moderate_risk
384,PA6385,low_risk
385,PA6386,low_risk
386,PA6387,low_risk
387,PA6388,low_risk
388,PA6389,low_risk
389,PA6390,low_risk
390,PA6391,low_risk
391,PA6392,moderate_risk
392,PA6393,moderate_risk
393,PA6394,low_risk
394,PA6395,low_risk
395,PA6396,low_risk
396,PA6397,low_risk
397,PA6398,high_risk
398,PA6399,low_risk
399,PA6400,low_risk
400,PA6401,low_risk
401,PA6402,high_risk
402,PA6403,low_risk
403,PA6404,low_risk
404,PA6405,low_risk
405,PA6406,low_risk
406,PA6407,low_risk
407,PA6408,low_risk
408,PA6409,low_risk
409,PA6410,low_risk
410,PA6411,low_risk
411,PA6412,low_risk
412,PA6413,low_risk
413,PA6414,low_risk
414,PA6415,low_risk
415,PA6416,low_risk
416,PA6417,low_risk
417,PA6418,moderate_risk
418,PA6419,moderate_risk
419,PA6420,low_risk
420,PA6421,low_risk
421,PA6422,low_risk
422,PA6423,low_risk
423,PA6424,low_risk
424,PA6425,low_risk
425,PA6426,low_risk
426,PA6427,low_risk
427,PA6428,low_risk
428,PA6429,low_risk
429,PA6430,low_risk
430,PA6431,low_risk
431,PA6432,moderate_risk
432,PA6433,low_risk
433,PA6434,low_risk
434,PA6435,moderate_risk
435,PA6436,low_risk
436,PA6437,low_risk
437,PA6438,low_risk
438,PA6439,low_risk
439,PA6440,low_risk
440,PA6441,low_risk
441,PA6442,low_risk
442,PA6443,low_risk
443,PA6444,low_risk
444,PA6445,low_risk
445,PA6446,low_risk
446,PA6447,moderate_risk
447,PA6448,low_risk
448,PA6449,moderate_risk
449,PA6450,low_risk
450,PA6451,low_risk
451,PA6452,high_risk
452,PA6453,low_risk
453,PA6454,low_risk
454,PA6455,moderate_risk
455,PA6456,low_risk
456,PA6457,low_risk
457,PA6458,high_risk
458,PA6459,moderate_risk
459,PA6460,high_risk
460,PA6461,low_risk
461,PA6462,moderate_risk
462,PA6463,low_risk
463,PA6464,low_risk
464,PA6465,high_risk
465,PA6466,low_risk
466,PA6467,low_risk
467,PA6468,low_risk
468,PA6469,low_risk
469,PA6470,low_risk
470,PA6471,low_risk
471,PA6472,low_risk
472,PA6473,low_risk
473,PA6474,low_risk
474,PA6475,low_risk
475,PA6476,low_risk
476,PA6477,moderate_risk
477,PA6478,low_risk
478,PA6479,moderate_risk
479,PA6480,low_risk
480,PA6481,low_risk
481,PA6482,low_risk
482,PA6483,moderate_risk
483,PA6484,low_risk
484,PA6485,low_risk
485,PA6486,low_risk
486,PA6487,low_risk
487,PA6488,low_risk
488,PA6489,low_risk
489,PA6490,moderate_risk
490,PA6491,low_risk
491,PA6492,high_risk
492,PA6493,moderate_risk
493,PA6494,low_risk
494,PA6495,low_risk
495,PA6496,low_risk
496,PA6497,low_risk
497,PA6498,low_risk
498,PA6499,low_risk
499,PA6500,low_risk
500,PA6501,low_risk
501,PA6502,low_risk
502,PA6503,low_risk
503,PA6504,low_risk
504,PA6505,low_risk
505,PA6506,low_risk
506,PA6507,low_risk
507,PA6508,low_risk
508,PA6509,moderate_risk
509,PA6510,low_risk
510,PA6511,low_risk
511,PA6512,low_risk
512,PA6513,low_risk
513,PA6514,low_risk
514,PA6515,low_risk
515,PA6516,low_risk
516,PA6517,moderate_risk
517,PA6518,low_risk
518,PA6519,low_risk
519,PA6520,low_risk
520,PA6521,low_risk
521,PA6522,low_risk
522,PA6523,low_risk
523,PA6524,low_risk
524,PA6525,low_risk
525,PA6526,low_risk
526,PA6527,moderate_risk
527,PA6528,low_risk
528,PA6529,low_risk
529,PA6530,low_risk
530,PA6531,low_risk
531,PA6532,moderate_risk
532,PA6533,low_risk
533,PA6534,low_risk
534,PA6535,low_risk
535,PA6536,low_risk
536,PA6537,moderate_risk
537,PA6538,low_risk
538,PA6539,low_risk
539,PA6540,low_risk
540,PA6541,low_risk
541,PA6542,low_risk
542,PA6543,low_risk
543,PA6544,high_risk
544,PA6545,low_risk
545,PA6546,moderate_risk
546,PA6547,low_risk
547,PA6548,low_risk
548,PA6549,low_risk
549,PA6550,moderate_risk
550,PA6551,low_risk
551,PA6552,low_risk
552,PA6553,moderate_risk
553,PA6554,low_risk
554,PA6555,moderate_risk
555,PA6556,moderate_risk
556,PA6557,moderate_risk
557,PA6558,low_risk
558,PA6559,moderate_risk
559,PA6560,low_risk
560,PA6561,low_risk
561,PA6562,low_risk
562,PA6563,low_risk
563,PA6564,low_risk
564,PA6565,low_risk
565,PA6566,low_risk
566,PA6567,low_risk
567,PA6568,high_risk
568,PA6569,low_risk
569,PA6570,low_risk
570,PA6571,low_risk
571,PA6572,low_risk
572,PA6573,low_risk
573,PA6574,moderate_risk
574,PA6575,low_risk
575,PA6576,low_risk
576,PA6577,low_risk
577,PA6578,low_risk
578,PA6579,low_risk
579,PA6580,low_risk
580,PA6581,low_risk
581,PA6582,low_risk
582,PA6583,low_risk
583,PA6584,low_risk
584,PA6585,low_risk
585,PA6586,low_risk
586,PA6587,low_risk
587,PA6588,moderate_risk
588,PA6589,low_risk
589,PA6590,moderate_risk
590,PA6591,moderate_risk
591,PA6592,low_risk
592,PA6593,low_risk
593,PA6594,low_risk
594,PA6595,low_risk
595,PA6596,low_risk
596,PA6597,low_risk
597,PA6598,low_risk
598,PA6599,low_risk
599,PA6600,low_risk
600,PA6601,low_risk
601,PA6602,low_risk
602,PA6603,low_risk
603,PA6604,low_risk
604,PA6605,high_risk
605,PA6606,low_risk
606,PA6607,low_risk
607,PA6608,moderate_risk
608,PA6609,low_risk
609,PA6610,low_risk
610,PA6611,low_risk
611,PA6612,high_risk
612,PA6613,low_risk
613,PA6614,low_risk
614,PA6615,low_risk
615,PA6616,low_risk
616,PA6617,low_risk
617,PA6618,low_risk
618,PA6619,low_risk
619,PA6620,low_risk
620,PA6621,low_risk
621,PA6622,low_risk
622,PA6623,low_risk
623,PA6624,low_risk
624,PA6625,low_risk
625,PA6626,low_risk
626,PA6627,low_risk
627,PA6628,low_risk
628,PA6629,low_risk
629,PA6630,low_risk
630,PA6631,low_risk
631,PA6632,low_risk
632,PA6633,low_risk
633,PA6634,low_risk
634,PA6635,low_risk
635,PA6636,low_risk
636,PA6637,low_risk
637,PA6638,low_risk
638,PA6639,low_risk
639,PA6640,moderate_risk
640,PA6641,low_risk
641,PA6642,low_risk
642,PA6643,low_risk
643,PA6644,low_risk
644,PA6645,low_risk
645,PA6646,low_risk
646,PA6647,low_risk
647,PA6648,low_risk
648,PA6649,moderate_risk
649,PA6650,low_risk
650,PA6651,low_risk
651,PA6652,low_risk
652,PA6653,moderate_risk
653,PA6654,low_risk
654,PA6655,low_risk
655,PA6656,low_risk
656,PA6657,low_risk
657,PA6658,moderate_risk
658,PA6659,low_risk
659,PA6660,low_risk
660,PA6661,moderate_risk
661,PA6662,low_risk
662,PA6663,low_risk
663,PA6664,low_risk
664,PA6665,moderate_risk
665,PA6666,low_risk
666,PA6667,low_risk
667,PA6668,low_risk
668,PA6669,low_risk
669,PA6670,low_risk
670,PA6671,low_risk
671,PA6672,low_risk
672,PA6673,low_risk
673,PA6674,low_risk
674,PA6675,low_risk
675,PA6676,moderate_risk
676,PA6677,low_risk
677,PA6678,low_risk
678,PA6679,low_risk
679,PA6680,low_risk
680,PA6681,low_risk
681,PA6682,low_risk
682,PA6683,moderate_risk
683,PA6684,low_risk
684,PA6685,low_risk
685,PA6686,low_risk
686,PA6687,low_risk
687,PA6688,low_risk
688,PA6689,low_risk
689,PA6690,low_risk
690,PA6691,low_risk
691,PA6692,low_risk
692,PA6693,low_risk
693,PA6694,moderate_risk
694,PA6695,low_risk
695,PA6696,low_risk
696,PA6697,low_risk
697,PA6698,low_risk
698,PA6699,low_risk
699,PA6700,low_risk
700,PA6701,low_risk
701,PA6702,high_risk
702,PA6703,moderate_risk
703,PA6704,low_risk
704,PA6705,low_risk
705,PA6706,low_risk
706,PA6707,low_risk
707,PA6708,low_risk
708,PA6709,low_risk
709,PA6710,low_risk
710,PA6711,low_risk
711,PA6712,low_risk
712,PA6713,low_risk
713,PA6714,low_risk
714,PA6715,low_risk
715,PA6716,low_risk
716,PA6717,low_risk
717,PA6718,low_risk
718,PA6719,low_risk
719,PA6720,moderate_risk
720,PA6721,low_risk
721,PA6722,low_risk
722,PA6723,low_risk
723,PA6724,low_risk
724,PA6725,low_risk
725,PA6726,low_risk
726,PA6727,low_risk
727,PA6728,low_risk
728,PA6729,low_risk
729,PA6730,low_risk
730,PA6731,low_risk
731,PA6732,low_risk
732,PA6733,low_risk
733,PA6734,low_risk
734,PA6735,low_risk
735,PA6736,low_risk
736,PA6737,low_risk
737,PA6738,high_risk
738,PA6739,low_risk
739,PA6740,low_risk
740,PA6741,low_risk
741,PA6742,low_risk
742,PA6743,low_risk
743,PA6744,low_risk
744,PA6745,moderate_risk
745,PA6746,low_risk
746,PA6747,low_risk
747,PA6748,low_risk
748,PA6749,low_risk
749,PA6750,low_risk
